Landmark (months),N,N Fixed-Duration,N Continuation,Events,HR,HR_lower,HR_upper,p_value,C-index
27,246,132,114,108,0.4963450946854477,0.32408073522186126,0.7601761729207767,0.001278705504239005,0.6502309929846575
29,246,132,114,108,0.4963450946854477,0.32408073522186126,0.7601761729207767,0.001278705504239005,0.6502309929846575
32,246,132,114,108,0.4963450946854477,0.32408073522186126,0.7601761729207767,0.001278705504239005,0.6502309929846575
